{"IcoMoonType":"selection","icons":[{"icon":{"paths":["M810.667 554.667h-256v256h-85.333v-256h-256v-85.333h256v-256h85.333v256h256z"],"attrs":[{}],"isMulticolor":false,"isMulticolor2":false,"grid":0,"tags":["baseline-add-24px"]},"attrs":[{}],"properties":{"order":3,"id":18,"name":"baseline-add-24px","prevSize":32,"code":59648},"setIdx":0,"setId":0,"iconIdx":0},{"icon":{"paths":["M810.667 341.333l-170.667 170.667h128c0 141.385-114.615 256-256 256v0c-0.254 0.001-0.554 0.001-0.854 0.001-43.445 0-84.306-11.062-119.921-30.523l1.308 0.655-62.293 62.293c51.652 33.187 114.702 52.905 182.358 52.905 188.183 0 340.736-152.553 340.736-340.736 0-0.209-0-0.419-0.001-0.628l0 0.032h128zM256 512c0-141.385 114.615-256 256-256v0c0.254-0.001 0.554-0.001 0.854-0.001 43.445 0 84.306 11.062 119.921 30.523l-1.308-0.655 62.293-62.293c-51.652-33.187-114.702-52.905-182.358-52.905-188.183 0-340.736 152.553-340.736 340.736 0 0.209 0 0.419 0.001 0.628l-0-0.032h-128l170.667 170.667 170.667-170.667z"],"attrs":[{}],"isMulticolor":false,"isMulticolor2":false,"grid":0,"tags":["baseline-cached-24px"]},"attrs":[{}],"properties":{"order":4,"id":17,"name":"baseline-cached-24px","prevSize":32,"code":59649},"setIdx":0,"setId":0,"iconIdx":1},{"icon":{"paths":["M657.493 316.16l-60.16-60.16-256 256 256 256 60.16-60.16-195.413-195.84z"],"attrs":[{}],"isMulticolor":false,"isMulticolor2":false,"grid":0,"tags":["baseline-chevron_left-24px"]},"attrs":[{}],"properties":{"order":5,"id":16,"name":"baseline-chevron_left-24px","prevSize":32,"code":59650},"setIdx":0,"setId":0,"iconIdx":2},{"icon":{"paths":["M426.667 256l-60.16 60.16 195.413 195.84-195.413 195.84 60.16 60.16 256-256z"],"attrs":[{}],"isMulticolor":false,"isMulticolor2":false,"grid":0,"tags":["baseline-chevron_right-24px"]},"attrs":[{}],"properties":{"order":6,"id":15,"name":"baseline-chevron_right-24px","prevSize":32,"code":59651},"setIdx":0,"setId":0,"iconIdx":3},{"icon":{"paths":["M810.667 273.493l-60.16-60.16-238.507 238.507-238.507-238.507-60.16 60.16 238.507 238.507-238.507 238.507 60.16 60.16 238.507-238.507 238.507 238.507 60.16-60.16-238.507-238.507z"],"attrs":[{}],"isMulticolor":false,"isMulticolor2":false,"grid":0,"tags":["baseline-close-24px"]},"attrs":[{}],"properties":{"order":7,"id":14,"name":"baseline-close-24px","prevSize":32,"code":59652},"setIdx":0,"setId":0,"iconIdx":4},{"icon":{"paths":["M128 736v160h160l471.893-471.893-160-160zM883.627 300.373c7.668-7.712 12.407-18.343 12.407-30.080s-4.74-22.368-12.409-30.082l0.002 0.002-99.84-99.84c-7.712-7.668-18.343-12.407-30.080-12.407s-22.368 4.74-30.082 12.409l0.002-0.002-78.080 78.080 160 160 78.080-78.080z"],"attrs":[{}],"isMulticolor":false,"isMulticolor2":false,"grid":0,"tags":["baseline-create-24px"]},"attrs":[{}],"properties":{"order":8,"id":13,"name":"baseline-create-24px","prevSize":32,"code":59653},"setIdx":0,"setId":0,"iconIdx":5},{"icon":{"paths":["M843.52 214.613l59.733 59.733-543.573 543.573-238.933-238.933 59.733-59.733 179.2 179.2 483.84-483.84zM843.52 93.867l-483.84 483.84-179.2-179.2-180.48 180.48 359.68 359.68 664.32-664.32-180.48-180.48z"],"attrs":[{}],"isMulticolor":false,"isMulticolor2":false,"grid":0,"tags":["baseline-done_outline-24px"]},"attrs":[{}],"properties":{"order":9,"id":12,"name":"baseline-done_outline-24px","prevSize":32,"code":59654},"setIdx":0,"setId":0,"iconIdx":6},{"icon":{"paths":["M725.333 512h-213.333v213.333h213.333zM682.667 42.667v85.333h-341.333v-85.333h-85.333v85.333h-42.667c-46.898 0.024-84.908 38.048-84.908 84.949 0 0.135 0 0.27 0.001 0.405l-0-0.021-0.427 597.333c0 47.128 38.205 85.333 85.333 85.333v0h597.333c47.070-0.145 85.188-38.264 85.333-85.319l0-0.014v-597.333c-0.145-47.070-38.264-85.188-85.319-85.333l-0.014-0h-42.667v-85.333zM810.667 810.667h-597.333v-469.333h597.333z"],"attrs":[{}],"isMulticolor":false,"isMulticolor2":false,"grid":0,"tags":["baseline-event-24px"]},"attrs":[{}],"properties":{"order":10,"id":11,"name":"baseline-event-24px","prevSize":32,"code":59655},"setIdx":0,"setId":0,"iconIdx":7},{"icon":{"paths":["M430.507 665.173l60.16 60.16 213.333-213.333-213.333-213.333-60.16 60.16 110.080 110.507h-412.587v85.333h412.587zM810.667 128h-597.333c-47.128 0-85.333 38.205-85.333 85.333v0 170.667h85.333v-170.667h597.333v597.333h-597.333v-170.667h-85.333v170.667c0 47.128 38.205 85.333 85.333 85.333v0h597.333c47.070-0.145 85.188-38.264 85.333-85.319l0-0.014v-597.333c-0.145-47.070-38.264-85.188-85.319-85.333l-0.014-0z"],"attrs":[{}],"isMulticolor":false,"isMulticolor2":false,"grid":0,"tags":["baseline-exit_to_app-24px"]},"attrs":[{}],"properties":{"order":11,"id":10,"name":"baseline-exit_to_app-24px","prevSize":32,"code":59656},"setIdx":0,"setId":0,"iconIdx":8},{"icon":{"paths":["M512 341.333l-256 256 60.16 60.16 195.84-195.413 195.84 195.413 60.16-60.16z"],"attrs":[{}],"isMulticolor":false,"isMulticolor2":false,"grid":0,"tags":["baseline-expand_less-24px"]},"attrs":[{}],"properties":{"order":12,"id":9,"name":"baseline-expand_less-24px","prevSize":32,"code":59657},"setIdx":0,"setId":0,"iconIdx":9},{"icon":{"paths":["M707.84 366.507l-195.84 195.413-195.84-195.413-60.16 60.16 256 256 256-256z"],"attrs":[{}],"isMulticolor":false,"isMulticolor2":false,"grid":0,"tags":["baseline-expand_more-24px"]},"attrs":[{}],"properties":{"order":13,"id":8,"name":"baseline-expand_more-24px","prevSize":32,"code":59658},"setIdx":0,"setId":0,"iconIdx":10},{"icon":{"paths":["M785.493 707.84l-195.84-195.84 195.84-195.84-60.16-60.16-256 256 256 256zM256 256h85.333v512h-85.333z"],"attrs":[{}],"isMulticolor":false,"isMulticolor2":false,"grid":0,"tags":["baseline-first_page-24px"]},"attrs":[{}],"properties":{"order":14,"id":7,"name":"baseline-first_page-24px","prevSize":32,"code":59659},"setIdx":0,"setId":0,"iconIdx":11},{"icon":{"paths":["M238.507 316.16l195.84 195.84-195.84 195.84 60.16 60.16 256-256-256-256zM682.667 256h85.333v512h-85.333z"],"attrs":[{}],"isMulticolor":false,"isMulticolor2":false,"grid":0,"tags":["baseline-last_page-24px"]},"attrs":[{}],"properties":{"order":15,"id":6,"name":"baseline-last_page-24px","prevSize":32,"code":59660},"setIdx":0,"setId":0,"iconIdx":12},{"icon":{"paths":["M256 426.667c-47.128 0-85.333 38.205-85.333 85.333s38.205 85.333 85.333 85.333c47.128 0 85.333-38.205 85.333-85.333v0c-0.145-47.070-38.264-85.188-85.319-85.333l-0.014-0zM768 426.667c-47.128 0-85.333 38.205-85.333 85.333s38.205 85.333 85.333 85.333c47.128 0 85.333-38.205 85.333-85.333v0c-0.145-47.070-38.264-85.188-85.319-85.333l-0.014-0zM512 426.667c-47.128 0-85.333 38.205-85.333 85.333s38.205 85.333 85.333 85.333c47.128 0 85.333-38.205 85.333-85.333v0c-0.145-47.070-38.264-85.188-85.319-85.333l-0.014-0z"],"attrs":[{}],"isMulticolor":false,"isMulticolor2":false,"grid":0,"tags":["baseline-more_horiz-24px"]},"attrs":[{}],"properties":{"order":16,"id":5,"name":"baseline-more_horiz-24px","prevSize":32,"code":59661},"setIdx":0,"setId":0,"iconIdx":13},{"icon":{"paths":["M810.667 128h-42.667v-85.333h-85.333v85.333h-341.333v-85.333h-85.333v85.333h-42.667c-47.128 0-85.333 38.205-85.333 85.333v0 597.333c0 47.128 38.205 85.333 85.333 85.333v0h597.333c47.070-0.145 85.188-38.264 85.333-85.319l0-0.014v-597.333c-0.145-47.070-38.264-85.188-85.319-85.333l-0.014-0zM512 256c70.692 0 128 57.308 128 128s-57.308 128-128 128c-70.692 0-128-57.308-128-128v0c0-70.692 57.308-128 128-128v0zM768 768h-512v-42.667c0-85.333 170.667-132.267 256-132.267s256 46.933 256 132.267z"],"attrs":[{}],"isMulticolor":false,"isMulticolor2":false,"grid":0,"tags":["baseline-perm_contact_calendar-24px"]},"attrs":[{}],"properties":{"order":17,"id":4,"name":"baseline-perm_contact_calendar-24px","prevSize":32,"code":59662},"setIdx":0,"setId":0,"iconIdx":14},{"icon":{"paths":["M511.573 85.333c-235.458 0.243-426.24 191.175-426.24 426.666 0 235.641 191.025 426.667 426.667 426.667s426.667-191.025 426.667-426.667l-0 0c0-235.642-191.025-426.667-426.667-426.667-0.15 0-0.3 0-0.45 0l0.023-0zM512 853.333c-188.513 0-341.333-152.82-341.333-341.333s152.82-341.333 341.333-341.333c188.513 0 341.333 152.82 341.333 341.333v0c0 188.513-152.82 341.333-341.333 341.333v0z","M533.333 298.667h-64v256l224 134.4 32-52.48-192-113.92z"],"attrs":[{},{}],"isMulticolor":false,"isMulticolor2":false,"grid":0,"tags":["baseline-schedule-24px"]},"attrs":[{},{}],"properties":{"order":18,"id":3,"name":"baseline-schedule-24px","prevSize":32,"code":59663},"setIdx":0,"setId":0,"iconIdx":15},{"icon":{"paths":["M661.333 597.333h-33.707l-11.947-11.52c41.633-48.289 66.989-111.635 66.989-180.904 0-153.403-124.357-277.76-277.76-277.76s-277.76 124.357-277.76 277.76c0 153.403 124.357 277.76 277.76 277.76 69.269 0 132.615-25.356 181.264-67.293l-0.36 0.304 11.52 11.947v33.707l213.333 212.907 63.573-63.573zM405.333 597.333c-106.039 0-192-85.961-192-192s85.961-192 192-192c106.039 0 192 85.961 192 192v0c0 0.076 0 0.166 0 0.256 0 105.897-85.847 191.744-191.744 191.744-0.090 0-0.18-0-0.27-0l0.014 0z"],"attrs":[{}],"isMulticolor":false,"isMulticolor2":false,"grid":0,"tags":["baseline-search-24px"]},"attrs":[{}],"properties":{"order":19,"id":2,"name":"baseline-search-24px","prevSize":32,"code":59664},"setIdx":0,"setId":0,"iconIdx":16},{"icon":{"paths":["M298.24 469.333l-170.24 170.667 170.24 170.667v-128h299.093v-85.333h-299.093zM896 384l-170.24-170.667v128h-299.093v85.333h299.093v128z"],"attrs":[{}],"isMulticolor":false,"isMulticolor2":false,"grid":0,"tags":["baseline-swap_horiz-24px"]},"attrs":[{}],"properties":{"order":20,"id":1,"name":"baseline-swap_horiz-24px","prevSize":32,"code":59665},"setIdx":0,"setId":0,"iconIdx":17},{"icon":{"paths":["M602.453 446.72l-90.453 90.453-90.88-90.453-60.16 60.16 90.88 90.453-90.453 90.453 60.16 60.16 90.453-90.453 90.453 90.453 60.16-60.16-90.453-90.453 90.453-90.453z","M661.333 170.667l-42.667-42.667h-213.333l-42.667 42.667h-149.333v85.333h597.333v-85.333z","M256 810.667c0.145 47.070 38.264 85.188 85.319 85.333l0.014 0h341.333c47.070-0.145 85.188-38.264 85.333-85.319l0-0.014v-512h-512zM341.333 384h341.333v426.667h-341.333z"],"attrs":[{},{},{}],"isMulticolor":false,"isMulticolor2":false,"grid":0,"tags":["outline-delete_forever-24px"]},"attrs":[{},{},{}],"properties":{"order":21,"id":0,"name":"outline-delete_forever-24px","prevSize":32,"code":59666},"setIdx":0,"setId":0,"iconIdx":18}],"height":1024,"metadata":{"name":"iconfont"},"preferences":{"showGlyphs":true,"showCodes":true,"showQuickUse":true,"showQuickUse2":true,"showSVGs":true,"fontPref":{"prefix":"icon-","metadata":{"fontFamily":"iconfont","majorVersion":1,"minorVersion":0},"metrics":{"emSize":1024,"baseline":6.25,"whitespace":50},"embed":false},"imagePref":{"prefix":"icon-","png":true,"useClassSelector":true,"color":0,"bgColor":16777215},"historySize":50}}